attn_backend,batch_size,collator_time,compile,compile_mode,compile_warmup_time,gpu_utilization_avg,heads,layers,max_cpu_ram,max_length,max_vram,model_name,name,optimizer,padding,precision,steps,tokens_per_sec,total_time
default,6,0.5568282780022855,True,default,0.7326705290001883,93.7,12,12,2021.892096,768,4128.9472,gpt2,gpt2_adafactor_6,adafactor,max_length,fp16,500,13431.830195184219,169.9890459320004
default,6,0.581831573006184,True,default,0.7333147130002544,98.96,12,12,1721.933824,768,5118.26688,gpt2,gpt2_adamw_6,adamw,max_length,fp16,500,14275.707103592598,159.9405187729999
default,6,0.5736685220031177,True,default,0.7423029740002676,96.54,12,12,1946.365952,768,5116.95616,gpt2,gpt2_adamp_6,adamp,max_length,fp16,500,12943.140720397216,176.4072607510002
default,6,0.5666180959933627,True,default,0.7466620850000254,98.86,12,12,1639.56736,768,4620.78976,gpt2,gpt2_qhm_6,qhm,max_length,fp16,500,14921.940301108754,153.01388116599992
default,6,0.5689623859962012,True,default,0.7463634030000321,97.9,12,12,1818.509312,768,5116.95616,gpt2,gpt2_sophiag_6,sophiag,max_length,fp16,500,13938.943969164247,163.80466160499964
default,6,0.5752442549978696,True,default,0.7369280780003464,97.96,12,12,1725.865984,768,4385.736192,gpt2,gpt2_adam8bit_6,adam8bit,max_length,fp16,500,14918.524195479476,153.04891892000023
default,6,0.5782919700004641,True,default,0.7440790340001513,98.72,12,12,1715.621888,768,4253.545984,gpt2,gpt2_lion8bit_6,lion8bit,max_length,fp16,500,15179.044600297111,150.4221154969996
default,6,0.5767553079895151,True,default,0.11176346100000956,99.6,12,12,1640.218624,768,5118.267392,gpt2,gpt2_fusedadam_6,fusedadam,max_length,fp16,500,15130.210480907223,150.90761644600025
